Academic_Score,DSA_Skill,Project_Quality,Experience_Score,OpenSource_Value,Soft_Skills,Tech_Stack_Score,Readiness_Score
7.5,8,5,3,10,8,5,67.4
9.8,3,8,1,10,6,1,68
8.9,8,10,8,10,9,5,87.47
8.4,5,4,7,1,6,5,64.17
6.6,1,4,6,1,7,1,49.44
6.6,7,3,2,10,6,5,57.16
6.2,5,7,3,1,9,5,55.07
9.5,6,3,1,10,10,5,80.21
8.4,6,3,1,1,9,5,59
8.8,8,10,7,1,4,1,69.74
6.1,9,5,6,10,7,10,68.47
9.9,2,5,5,1,10,1,64.41
9.3,9,6,8,1,4,5,72.41
6.8,10,8,5,1,7,5,66.63
6.7,9,10,4,1,10,10,72.06
6.7,10,6,2,10,6,1,65.44
7.2,10,1,9,1,10,5,65.39
8.1,7,8,1,10,9,5,73.74
7.7,1,8,9,10,4,1,63.64
7.2,7,9,7,1,6,5,67.39
8.4,10,9,1,10,9,10,78.97
6.6,5,2,5,1,7,10,54.41
7.2,6,2,8,1,10,1,55.53
7.5,10,3,5,10,9,1,70.75
7.8,7,1,9,1,6,5,62.52
9.1,5,4,9,1,4,5,67.09
6.8,7,4,3,1,4,1,51.47
8.1,9,9,3,1,10,1,72.35
8.4,3,9,9,1,9,10,72.1
6.2,8,9,6,10,6,10,71.58
8.4,2,10,1,1,5,1,61.29
6.7,7,7,1,1,7,5,58.65
6.3,2,2,5,1,7,5,43.55
9.8,4,10,9,1,6,1,70.03
9.9,7,5,7,1,5,5,70.47
9.2,3,4,6,1,4,5,61.78
7.2,2,8,1,1,10,10,58.3
6.4,10,2,2,1,8,5,51.85
8.7,7,6,8,1,8,5,71.45
7.8,1,5,1,1,10,5,53
6.5,8,2,2,10,6,1,52.07
8,3,10,1,10,5,5,65.05
6.1,2,1,6,1,5,5,40.87
9.6,3,8,9,10,7,1,73.33
7,5,2,2,10,4,1,55.61
8.7,8,7,4,1,9,1,67.38
7.2,10,9,5,1,5,10,69.07
8.1,7,9,10,10,10,1,80.84
8.2,7,8,1,10,9,1,71.4
6.7,7,10,4,1,8,5,68.13
9.9,8,9,3,10,9,5,82.51
9.1,1,2,8,1,4,1,52.99
9.8,4,6,4,10,10,10,79.64
9.6,6,4,1,10,4,10,68.46
8.4,9,4,5,1,9,5,68.55
9.7,2,5,7,10,6,5,72.49
6.4,1,3,1,1,5,1,36.49
6.8,10,1,8,1,10,5,64.02
6.2,2,8,1,10,6,5,54.04
7.3,7,5,5,1,9,1,60.79
7.6,3,3,3,1,5,1,48.29
7.1,10,10,6,1,7,5,72.87
9.3,2,7,3,1,6,1,62.78
7.4,7,7,8,1,6,10,62.98
7.1,2,1,6,10,9,1,55.77
8.2,3,9,5,1,8,5,61.67
6.6,7,2,7,1,9,5,57.83
9.2,4,5,7,1,6,5,66.86
6.3,1,5,1,10,5,5,51.6
9.9,5,8,3,10,8,5,80.69
9.1,9,8,9,10,9,10,92.97
6.8,8,7,1,10,10,5,68.75
6,9,7,6,10,9,5,74.2
9.3,10,6,10,1,6,5,81.89
8.8,9,6,1,1,6,5,66.48
8.9,7,9,6,1,7,5,75.55
9.1,4,6,4,10,9,10,75.68
6.3,5,2,5,10,6,1,57.42
7.4,1,2,1,1,10,5,47.48
6.5,1,5,1,10,4,5,47.78
9.5,3,4,6,1,8,5,62.36
8.5,8,2,7,1,4,10,64.85
7.3,2,3,7,1,8,10,56.77
6.3,4,7,4,1,10,5,55.01
7.2,2,8,1,1,9,1,52.2
7.3,5,6,6,1,7,1,57.15
8.9,9,5,2,1,6,5,64.25
8.6,1,1,9,1,6,10,59.97
9.5,5,8,7,10,6,1,79.02
7.9,9,3,6,10,9,1,74.26
6.5,1,6,9,10,8,1,60.03
8.9,9,3,1,1,10,10,69.46
9,8,7,6,1,6,5,69.57
8.2,4,7,2,10,4,5,64.53
9.1,10,9,9,1,6,5,80.84
8,5,5,2,1,9,10,67.99
8.1,5,8,6,1,10,5,70.97
7.7,6,10,8,1,7,5,70.73
6.1,7,10,1,1,10,1,59.12
6.4,8,8,3,1,4,5,59.5
6.1,8,1,7,1,6,5,52.07
8.5,2,5,4,1,6,10,61.08
7.3,9,3,2,1,5,1,52.43
8,7,1,2,1,8,1,53.88
9.6,4,4,1,1,4,1,51.82
7,4,8,8,1,5,5,61.13
7.6,8,3,5,1,10,10,67.3
9,4,10,1,1,7,1,62.18
6.9,6,2,3,1,8,5,51.44
6.3,5,9,3,1,4,5,56.56
7.2,3,10,1,1,6,1,53.33
6.6,10,5,3,10,10,5,69.37
9.7,2,7,2,1,4,1,61.34
9.2,9,2,2,1,6,5,62.69
8.5,10,9,6,1,8,5,79.38
9.5,9,9,2,1,6,5,71.3
9.2,1,4,5,1,7,1,55.69
6.7,10,4,5,1,10,10,68.4
9.6,3,6,5,10,9,5,74.48
8.2,8,10,6,1,6,5,72.59
9.2,6,10,4,1,7,1,69.02
9.6,5,10,8,1,9,1,73
7.3,5,6,6,10,10,1,71.33
6.4,6,1,4,1,8,1,48.14
6.9,7,9,7,10,8,5,74.98
7.7,1,2,5,1,10,10,56.9
9.3,9,5,2,10,10,5,79.82
9.4,3,9,2,10,4,1,65.98
6,4,4,1,1,7,5,48.42
8,10,3,8,1,7,1,67.93
7.7,1,7,6,1,10,5,60.4
6.9,10,6,9,1,5,5,67.45
6.5,3,8,5,10,5,5,63.96
7.4,2,3,4,1,9,10,53.54
9.8,2,5,1,1,9,1,60.33
7.3,1,10,6,1,5,5,55.94
8.1,8,4,5,10,10,10,73.33
8.8,3,4,10,1,10,5,63.87
7.5,3,4,2,1,9,5,51.57
9.9,6,10,4,1,6,10,75.08
9.8,8,8,6,10,10,1,89.65
7,9,6,5,1,5,10,65.9
8,9,3,5,1,7,1,63.98
7.2,4,10,7,1,10,5,65.83
7.1,5,5,2,1,10,10,59.82
6.1,2,6,6,1,6,1,52.51
8.4,9,5,5,10,9,5,75.17
8,8,6,8,10,10,5,80.61
6.2,3,8,7,1,8,10,62.92
7.1,9,7,2,10,4,10,71.23
9.6,3,5,2,1,5,5,62.8
7,9,10,10,10,8,5,82.43
6.6,2,6,4,10,9,10,63.81
8,10,4,9,1,7,5,71.32
9.9,9,9,1,10,4,5,80.47
7,8,4,5,1,8,5,59.27
8.7,9,1,7,1,4,5,65.38
9,5,7,9,1,5,1,67.79
7,2,7,2,1,9,1,51.83
8.9,8,4,6,10,10,1,80.39
7.5,6,3,4,10,7,10,66.07
8.5,8,8,1,1,9,5,71.32
8.5,5,5,6,10,4,5,70.61
8.1,10,10,6,10,8,5,85.61
6.4,2,7,9,1,5,1,50.37
9.3,6,4,4,1,5,5,64.02
7.3,5,4,2,1,9,5,59.72
6.7,5,8,1,1,10,5,54.56
6.2,1,8,3,10,8,10,59.52
8.4,2,2,2,1,10,5,56.62
8.7,8,2,7,10,10,5,76.47
6.1,3,3,3,1,8,5,48.42
8,10,3,9,1,4,10,72.22
6.9,3,1,10,1,9,5,56.06
8.6,8,3,5,1,9,1,66.32
6.7,8,6,9,1,6,5,64.48
8.8,2,8,7,1,9,5,67.7
7.5,8,10,4,1,5,5,70.51
9.7,1,6,1,1,4,1,53.67
6.6,6,5,4,1,8,10,58.49
7.4,8,4,5,10,9,10,75.48
6.5,3,3,8,1,4,1,45.71
9.7,8,4,4,1,9,10,73.17
9.5,1,7,8,1,8,1,63.98
7,9,1,6,1,7,1,56.49
8.6,9,7,1,10,8,1,73.38
9.3,5,1,10,1,8,1,66.6
8.2,10,2,4,1,8,10,67.32
8.1,4,4,3,10,9,1,65.18
7,6,1,6,1,6,1,53.23
6.4,7,9,1,1,8,1,55.89
9.6,5,6,5,1,5,1,66.09
9.6,10,1,4,1,5,1,66.77
8.5,9,1,3,1,4,5,55.48
7.4,3,6,10,1,6,1,59.19
7.4,7,4,4,10,4,10,64.89
8.9,10,4,2,10,5,10,78.01
9.6,10,6,4,1,10,1,74.87
9.5,5,7,9,1,5,10,71.02
9.1,7,9,1,10,7,1,74.14
8.6,2,10,2,1,8,1,58.91
6.3,4,5,1,10,10,1,58.4
6.6,2,9,1,10,5,5,55.08
9.6,7,4,7,10,9,5,80.16
8.4,2,10,6,1,9,5,69.99
6,1,2,3,1,4,5,40.4
6.4,9,3,6,1,10,5,62.96
8.7,1,1,3,10,4,1,52.74
6,8,6,10,1,8,5,65.27
6.6,2,6,10,10,8,1,64.48
8.2,8,1,3,1,7,1,55.33
8.8,3,3,8,1,6,1,60.3
8.6,6,5,7,1,4,1,59.5
6.9,3,3,2,1,8,5,50.14
8.8,7,10,2,1,4,10,67.29
6.9,10,3,4,1,8,1,63.43
7.3,9,10,7,10,5,5,78.73
9,2,3,10,1,4,5,56.79
8.6,5,5,7,1,5,10,65.7
9.4,6,5,8,1,4,1,64.86
8.6,4,4,5,10,6,5,65.42
8.3,4,1,7,10,7,10,67.69
6.4,4,5,7,1,9,5,55.04
7.5,2,10,3,10,9,5,69.02
7.1,4,5,5,10,9,1,64.31
7,1,4,7,1,5,1,48.3
9.9,6,6,1,1,10,5,70.06
7.6,1,10,7,1,8,5,63.52
9.6,10,4,1,1,9,1,71.08
8.5,6,7,4,10,6,5,72.81
9.2,1,7,7,1,9,5,63.38
8,6,2,2,10,4,5,58.32
8.3,10,3,2,1,5,5,61.56
8,8,1,3,1,10,10,61.05
6.8,2,8,8,1,4,5,55.55
8.9,2,9,1,1,10,10,69.02
7.1,4,4,9,10,4,1,63.2
6.1,3,6,1,10,4,1,51.08
8.6,4,9,10,1,7,1,70.96
6.7,7,6,10,1,7,1,67.23
9.8,1,9,4,1,8,1,66.49
9.8,6,4,4,1,5,1,65.15
9.7,3,8,4,1,6,10,65.82
7.5,10,9,5,1,6,1,70.77
6.1,7,4,1,1,6,5,50.8
9.7,10,5,1,10,4,1,73.14
7.7,2,8,1,1,7,10,56.54
9.9,2,10,3,1,5,5,64.8
9.9,4,6,2,1,4,1,62.61
9.4,1,7,5,1,10,5,65.74
7.2,3,3,10,1,7,5,56.18
7.5,9,7,3,10,7,5,70.86
9.4,7,8,5,10,9,5,82.54
7.3,7,10,3,1,9,5,66.28
6.7,4,6,7,1,5,5,54.12
8.2,2,10,9,1,10,5,67.34
9.7,4,9,8,10,5,1,79.02
8.8,6,6,10,1,5,10,71.92
8.3,3,9,1,1,4,5,54.63
6.4,1,4,7,1,8,5,49.66
8.5,8,8,7,1,5,1,70
10,5,4,2,1,9,5,66.66
6.6,5,2,10,10,8,10,67.68
8.1,4,10,1,1,4,1,56.79
9.5,6,9,6,1,8,5,72.55
9,3,5,2,1,6,5,59.7
8.8,9,4,3,10,10,10,76.08
8.8,5,2,6,10,8,5,70.52
7.4,3,1,5,1,5,5,49.83
7.2,1,7,3,10,4,10,58.26
9.2,10,6,2,1,10,5,75.01
9.2,6,2,7,1,5,1,60.95
9.5,2,8,1,1,10,1,63.63
9.7,3,4,3,1,9,5,65.39
8,1,8,9,1,6,1,57.82
8,9,7,7,1,9,1,72.55
9.2,8,5,3,1,5,10,71.98
8.6,2,10,7,10,5,1,70.43
8.8,8,10,7,1,5,5,73.49
9.2,9,8,8,1,7,1,80.73
9.6,1,9,4,1,6,5,64.18
7.4,5,5,2,10,10,5,66.06
7.5,8,10,2,1,5,1,62.8
6.4,2,5,2,1,5,5,45.8
8.3,4,2,5,10,10,1,64.42
6.1,7,5,1,1,9,10,57.08
7.9,3,3,5,1,9,10,61.4
8.2,5,7,3,10,5,5,66.45
7.1,8,10,2,1,4,5,60.86
8.4,10,5,8,1,7,5,72.32
6.1,3,8,4,1,9,5,52.6
6.1,4,1,1,1,4,5,38.53
9.3,9,3,7,1,7,1,68.15
7.4,7,3,1,1,5,5,53
6.5,1,9,6,1,6,1,53.27
8.1,4,5,7,1,8,5,65.61
9.1,4,9,3,10,8,1,72.81
6.9,9,9,7,1,5,5,68.11
8.5,6,1,4,1,9,1,58.99
6.3,9,2,4,10,4,1,53.41
6.2,6,5,1,1,6,5,47.8
8.1,6,4,2,1,10,10,65.52
8.2,5,10,9,10,7,5,80.52
8.5,5,9,3,1,5,1,63.27
8.9,2,7,4,1,6,1,57.94
9.9,8,6,4,10,6,10,77.81
8.1,8,7,5,1,9,5,68.04
7.3,1,1,1,1,7,1,39.45
9.2,8,1,3,1,6,10,66.06
7.1,5,8,6,1,9,10,65.59
7.8,2,2,2,1,4,10,51.78
6.3,2,10,2,10,9,10,67.14
6.1,6,9,1,1,4,10,58.35
9.9,9,7,3,10,4,1,75.17
9.3,1,6,8,1,10,1,66.18
8.8,6,1,1,10,10,5,65.94
7.6,9,1,1,10,6,5,63.26
6.7,8,2,2,1,9,5,53.89
6.6,6,6,6,1,10,5,64.35
7,3,6,5,1,4,5,50.43
8.2,8,2,3,1,10,5,59.61
8.9,9,1,7,10,7,1,76.87
8.6,1,10,5,10,6,1,68.28
7.1,9,5,8,1,9,5,66.06
9.8,6,5,7,1,9,5,73.18
9,6,2,2,1,8,1,57.55
8.2,4,6,2,1,9,5,60.31
8.4,1,9,1,1,6,5,57.81
7.7,10,2,2,10,7,5,68.99
7,8,10,10,10,9,1,80.01
7.4,2,2,3,1,8,5,49.31
9,1,3,2,1,6,1,52.56
6.1,2,7,7,1,4,10,48.75
6.5,1,6,4,1,5,1,43.5
6.2,1,8,1,1,5,5,43.24
6.2,9,8,3,1,4,1,58.21
9.4,1,6,3,10,10,5,68.32
8.8,4,10,7,1,9,5,69.93
7.9,10,3,1,1,5,1,58.6
6.4,6,3,2,10,10,5,58.88
8,7,1,4,10,5,1,60.5
7.9,2,7,2,1,4,5,57.06
6.7,6,5,5,1,9,5,60.67
7.7,7,4,4,1,9,5,61.98
7.6,10,10,3,10,10,10,83.16
8.5,10,4,9,10,4,5,79.11
8.5,2,4,5,1,10,5,61.43
6.2,2,6,1,1,9,1,46.45
7.5,10,8,5,10,9,5,79.31
8.5,7,8,7,1,6,5,67.44
8,1,5,6,1,10,1,53.42
9.4,8,6,1,1,6,10,69.25
8.6,3,4,10,1,4,1,57.73
6.7,6,9,3,1,7,10,63.57
6.3,9,8,1,10,5,1,63.19
8.6,6,10,1,10,6,10,73.85
6.1,9,10,1,1,5,5,59.53
8.3,7,1,7,1,8,1,60.36
9.8,9,2,1,1,4,1,65.53
8.3,2,9,1,1,7,5,59.07
7.6,8,8,8,1,8,10,70.68
8.6,8,3,2,10,8,1,72.14
7.8,2,8,1,1,9,1,53.83
8.2,4,1,1,1,8,5,50.35
9.8,7,10,1,1,4,5,74.29
7.5,4,4,2,10,6,5,59.99
9.8,4,3,6,10,4,5,70.7
9.6,6,6,1,10,6,1,71.57
6.8,10,7,1,10,8,10,72.19
6.3,6,4,7,1,8,5,56.16
6.4,10,7,6,1,7,1,62.48
6.1,3,9,3,1,6,5,55.22
6.4,9,2,4,1,8,5,57.21
8.7,10,3,2,1,9,5,70.33
6.3,2,5,4,1,5,5,46.35
7.3,6,3,4,1,7,1,52.59
9.4,7,8,3,1,4,5,65.12
6.1,9,10,9,1,7,10,73
9.3,3,8,1,10,5,1,69.19
7.1,10,8,7,1,6,5,67.53
6.5,3,9,1,1,4,10,53.13
8.8,7,4,7,1,4,10,64.55
8.5,4,5,5,1,6,5,59.19
9.5,8,5,7,1,10,5,76.84
8.9,7,8,1,1,10,5,66.54
9.2,5,7,5,1,7,10,70.46
7.1,7,9,4,1,8,10,65.83
6.7,3,8,6,1,10,1,59.41
9,2,2,4,1,7,5,55.37
9.2,6,10,4,1,10,5,76.98
10,2,4,3,1,5,5,58.54
7.7,3,6,2,1,9,5,54.08
7.5,6,2,4,1,8,5,53.73
9.1,5,7,1,1,7,10,62.28
7.4,8,3,10,1,9,1,66.77
9.7,9,3,6,1,9,1,77.32
9.4,3,2,10,1,10,5,68.67
7.7,10,8,2,10,6,5,77.24
9,3,6,8,10,5,1,71.47
9,3,1,7,10,5,1,61.16
6.4,6,1,6,1,5,5,52.63
9.6,1,7,5,1,8,10,66.14
8,7,8,2,1,4,5,60.48
9.3,1,5,7,1,8,5,62.58
7.3,5,5,4,1,7,1,54.68
9.6,10,4,1,1,9,5,72.82
7.6,8,6,2,10,9,5,69.76
6,4,6,9,1,4,5,55.28
9.6,5,3,8,10,7,1,74.75
6.4,4,9,10,1,4,1,58.39
7.3,4,7,5,1,9,1,62.78
9.8,8,1,2,1,10,5,70.27
9.8,2,7,1,1,8,10,67.54
8.3,1,5,1,10,5,10,59.83
8.5,3,5,1,1,9,5,58.5
7.8,9,2,3,1,6,5,60.45
7.2,4,4,1,10,5,10,58.63
7.3,10,6,3,1,9,1,63.95
8.7,5,10,9,10,8,5,76.99
9,2,7,3,1,4,10,61.64
9.2,4,5,8,1,10,5,72.18
9.2,2,9,5,1,10,10,69.08
6.4,2,3,2,1,5,10,46.21
8,4,1,3,1,8,5,52.32
6.2,6,4,1,1,10,10,54.67
8.2,7,9,2,10,10,5,79.22
7.8,10,4,6,10,7,5,72.52
9.6,3,2,1,1,6,5,53.62
7.4,3,10,2,1,5,1,58.01
6.5,10,5,3,1,4,5,57.01
6.6,6,3,10,1,10,5,64.79
9,3,9,7,1,7,1,63.4
8.5,2,4,6,1,8,1,54.06
6.4,8,6,1,1,10,1,55.27
6.3,5,2,7,1,6,5,50.44
8.8,1,6,7,10,4,10,65.09
6.3,3,3,5,1,8,10,52.84
9.3,10,9,10,1,8,5,85.17
8.8,8,2,2,1,5,10,60.6
6.3,4,9,9,1,10,5,62.66
6.3,7,5,9,1,5,5,57.63
9.9,10,8,1,1,4,5,70.17
7.5,2,2,4,10,10,1,52.11
7.5,7,6,10,1,9,10,72.33
9.3,5,3,1,1,10,5,61.74
9.8,5,10,4,10,9,5,81.54
9.9,6,5,10,10,8,5,81.08
9,9,8,5,1,5,5,74.02
7.5,6,10,1,1,6,1,64.15
6.3,8,1,5,1,10,5,55.03
9.1,7,5,2,1,6,1,65
8.2,9,3,4,1,10,5,67.93
7.7,4,4,1,1,8,5,53.97
9.6,2,2,5,1,5,5,56.41
6.4,7,9,4,1,4,5,58.03
8,6,3,6,1,4,5,60.2
6,1,2,5,1,4,5,37.92
7.9,9,10,4,1,10,5,73.85
6.2,9,9,6,1,10,5,70.9
6.5,2,7,1,1,6,5,49.67
6.5,3,6,5,1,5,10,51.25
8.6,5,1,1,1,10,1,55.03
9,5,5,9,1,5,5,68.26
8.3,1,3,1,1,6,10,52.43
9.8,8,1,3,1,10,5,70.65
7.5,8,4,6,10,4,1,66.07
7.1,4,2,4,10,4,5,56.4
9.5,7,2,1,1,8,1,61.89
6.9,10,3,5,1,9,1,64.66
9.9,3,8,5,1,7,10,70.66
6,6,8,6,1,9,5,61
9.9,10,7,3,1,10,1,75.27
6.2,10,6,5,10,5,10,67.58
9.6,9,9,4,1,10,10,83.15
8.1,1,4,6,1,5,5,51.55
10,5,1,5,10,5,1,67.08
6.3,4,8,4,10,9,10,70.04
8.2,8,7,2,10,7,5,75.82
9.9,1,7,1,1,8,5,66.25
8.1,9,3,1,1,9,10,68.58
8.5,6,4,1,1,7,5,63.91
8.8,4,10,3,1,4,1,62.37
7.8,9,9,5,1,4,5,65.99
8.5,5,6,2,1,5,5,57
8.3,5,5,9,10,6,5,74.99
9.6,5,3,1,1,10,5,63.9
6.2,1,9,7,1,10,1,55.65
7.1,1,5,5,1,5,5,48.1
9.8,8,5,3,1,6,5,68.64
9.6,8,4,1,1,7,5,67.27
7.8,6,4,5,1,4,5,55.19
8.5,4,1,3,1,10,5,58.01
7.1,2,7,9,10,9,5,71.32
6.8,2,9,4,1,6,1,48.03
7.9,9,3,9,10,7,5,72.12
7.4,5,2,2,1,4,10,52.65
8.3,4,3,6,1,9,5,63.83
6.3,10,1,5,1,6,5,54.72
9.9,1,6,6,1,5,10,61.1
9.9,7,7,2,1,5,1,69.66
8.8,3,2,6,1,5,1,52.78
8.1,6,8,4,10,10,5,74.78
7.2,5,6,6,10,7,1,65.64
9.3,5,4,2,1,5,10,60.97
8.7,5,5,8,10,10,1,73.05
6.7,1,8,1,1,8,5,48.48
9.6,1,3,7,10,10,5,74.72
9.3,3,3,8,1,4,1,60.92
9.8,10,4,7,1,10,5,80.45
8.9,4,1,4,10,7,1,57.93
8.5,5,9,3,1,9,5,68.76
7.7,2,8,10,10,10,1,72.95
9.7,8,8,2,1,5,10,70.64
9.5,2,10,4,1,4,10,67.32
6.2,9,6,6,1,6,1,60.9
6.1,2,7,6,1,5,1,49.24
7.5,9,6,2,1,4,5,58.64
9.2,7,9,6,10,8,1,80.63
9.9,8,3,7,1,6,10,75.46
6.6,2,3,1,10,8,5,52.62
8.4,7,3,9,10,9,5,78.71
7.5,6,10,1,1,4,10,62.59
9.9,4,3,3,10,8,5,72.21
9.4,7,9,1,10,9,10,83.54
9.4,4,4,1,10,4,10,64.27
7.9,2,7,9,10,4,1,64.6
7.7,10,9,3,10,8,1,75.44
7.1,7,7,3,1,4,10,62.19
6.2,8,9,2,1,5,10,61.33
9.5,2,3,5,10,4,1,61.72
9.3,5,4,5,1,7,10,64.74
10,1,8,3,1,9,5,63.21
10,7,6,2,1,4,1,65.62
8.2,8,5,8,10,7,10,77.37
9.1,6,4,3,1,4,1,59.83
9.8,5,8,4,10,4,10,74.01
9.4,6,1,2,1,8,1,62.29
7,2,9,7,1,5,5,58.43
7.8,1,1,3,1,9,1,47.4
6.5,7,8,4,1,5,5,61.77
9.8,7,4,2,1,6,5,67.7
8.4,10,9,10,10,8,1,84.95
6.9,10,5,2,10,8,5,69.26
8.7,2,3,7,1,5,5,52.77
8.5,2,9,3,1,10,1,64.23
7.4,1,9,2,10,8,10,64.31
6.5,10,4,7,10,5,5,64.35
8.7,8,4,2,1,8,5,62.54
8.1,8,8,8,1,4,5,71.04
9.1,1,2,9,1,5,5,60.83
8.1,8,9,8,10,5,1,76.74
9.4,9,6,1,1,7,5,67.64
8.2,4,9,7,1,8,5,65.06
8.2,1,8,3,1,8,5,61.03
9.5,1,7,8,10,5,10,74.8
7.6,3,1,5,1,4,5,47.74
6.5,5,3,7,1,4,1,48.26
6.1,5,2,4,1,9,1,49.94
9,9,5,4,1,4,1,66.09
8.5,10,5,1,1,8,1,63.51
8.8,2,5,7,10,10,5,69.42
6.9,2,4,3,10,7,1,51.72
6.5,6,5,4,10,5,1,57.56
6.1,9,3,7,10,6,1,61.62
7.4,1,1,5,1,7,1,48.84
8.4,9,5,2,10,10,1,72.59
7.6,9,9,5,1,6,1,64.5
7.7,9,9,3,1,7,5,66.01
9.6,5,4,4,10,4,5,68.83
7.4,9,3,1,1,8,1,53.36
8.1,4,1,2,1,10,5,54.78
9.1,2,2,2,1,6,5,50.43
7.6,6,8,6,1,10,1,68.62
8.5,4,1,1,1,7,1,50.73
9.4,6,8,3,10,8,5,81.94
9.8,3,7,9,10,10,5,81.14
6.6,6,8,1,1,6,1,47.04
9.7,2,6,4,1,5,1,62.22
8,2,9,7,1,7,10,66.6
7,9,3,9,10,5,1,68.91
7.8,7,10,6,1,4,1,62.99
9.9,3,4,6,1,5,10,65.61
8,1,6,7,1,5,10,58.87
7.3,8,8,3,1,9,5,65.62
8.5,6,5,7,1,7,5,62.83
7,7,3,1,10,4,1,61.14
6.3,9,6,9,1,5,1,62.87
6.5,5,4,3,1,8,5,53.44
6.5,1,9,5,1,6,1,53.23
6.6,10,3,2,10,5,5,63.79
6.6,7,4,6,1,4,10,56.15
8.6,5,7,1,1,5,10,64.6
6.7,3,7,8,1,6,1,56.7
7.4,9,4,7,1,4,5,60.92
9.6,1,6,2,10,7,5,68.18
7.9,1,3,7,1,4,10,53.02
8.7,1,6,7,10,7,1,66.42
6.7,3,2,5,1,4,1,45.2
6.8,6,8,3,10,10,1,70.04
6.2,10,2,2,1,6,5,52.21
6.7,3,7,2,10,6,5,58.93
7.1,8,9,2,1,4,5,64.53
6.7,10,1,9,1,10,5,64.95
6.4,2,8,1,10,5,1,53.09
6.5,9,7,7,1,6,5,68.23
7.8,3,6,2,1,7,1,54.47
6.8,5,6,4,1,7,10,55.75
7.5,10,6,7,1,8,10,71.41
8,8,9,8,1,9,10,78.98
8.8,2,2,2,1,10,10,59.25
6.2,6,1,4,1,9,1,49.63
9.2,5,6,3,10,9,1,76.32
8.5,10,10,1,1,7,5,71.07
6.3,9,8,2,10,8,10,71.15
9.5,5,3,4,10,9,1,66.67
9.7,2,10,3,1,9,1,69.42
6.2,5,1,6,1,4,10,47.7
7.1,4,9,3,1,4,1,55.61
9.2,7,1,4,1,4,5,61.7
9,6,3,3,10,5,5,71.8
6.7,2,8,6,1,9,1,57
6.8,5,3,8,1,5,1,51.89
7.5,7,4,4,1,8,5,61.51
7.9,7,8,7,1,10,5,70.48
8.5,5,1,2,1,7,10,58.14
7.5,9,6,4,1,9,5,66.6
7.9,4,1,2,10,7,1,56.16
9,3,1,3,1,10,5,56.2
6.1,4,8,6,1,4,5,53.9
7,5,4,8,10,9,1,67.45
8.9,6,1,1,1,6,5,52.8
9.6,3,10,5,10,5,1,72.02
8,2,7,5,10,5,1,62.24
8.1,4,5,1,10,9,1,58.21
6.4,5,5,2,10,10,5,65.08
7.8,4,1,2,1,4,5,46.28
8.1,3,10,1,10,5,5,63.52
7,8,6,2,1,4,5,56.09
7.1,10,9,2,10,8,10,77.47
7.5,4,9,2,10,7,1,62.79
6.1,2,8,6,10,10,1,63.46
7.3,2,5,5,10,6,1,58.5
6.8,1,1,10,1,7,1,46.53
7.3,4,9,3,10,7,5,65.46
6.5,10,1,7,1,8,5,57.47
9.6,9,8,8,10,5,5,82.49
8.4,7,5,6,1,6,1,64.18
8.7,10,3,3,1,5,5,63.05
9.2,7,7,7,1,9,5,78.61
8,7,7,2,1,7,1,61.34
6.3,8,9,2,10,9,5,66.79
8.1,1,7,4,1,4,10,53.81
8.3,10,3,5,1,7,5,69.21
9,10,1,1,1,5,5,61.35
7.7,8,8,9,10,7,5,80.88
6.5,4,3,6,1,4,1,46.17
7.1,4,8,4,1,8,5,58.18
7.5,4,8,9,1,9,1,67.14
8.6,6,5,3,1,9,1,60.98
8.3,7,1,10,1,5,5,64.18
7.4,6,10,4,1,7,10,66.98
9.9,1,7,1,1,5,5,60.56
8.4,8,10,7,10,8,5,86.74
6.9,10,5,6,10,7,10,73.82
6.4,7,8,7,1,7,10,64.41
6.6,6,9,10,10,5,5,73.03
7,6,7,7,1,5,1,56.54
6.6,5,7,5,1,4,10,60.33
6.7,6,1,8,1,10,1,59.19
7.1,9,4,6,1,10,5,64
6.7,10,2,3,1,8,1,53.33
9.6,9,2,8,1,10,5,73.28
6.3,10,2,2,1,4,1,47.61
8.1,8,4,6,10,9,5,76.3
7.6,10,1,8,1,7,5,68
9.9,9,4,6,1,5,1,71.78
6.4,10,2,6,1,7,5,58.83
7.6,8,5,7,1,7,10,68.88
9.9,8,3,4,1,6,10,69.26
9.5,1,8,8,1,9,1,69.59
9.3,10,4,2,10,6,5,76.36
7,5,1,1,1,10,5,52.55
6.7,4,1,2,1,7,5,44.84
8.7,2,10,4,1,5,1,59.76
9.7,8,3,4,1,7,5,70.15
8.2,3,9,7,1,9,10,72.79
8.3,4,7,3,1,6,5,58.68
7.1,7,2,4,1,5,5,55.16
9.1,10,9,1,1,7,5,72.08
6.7,9,10,3,1,8,1,68.83
7.3,2,2,5,1,9,5,51.07
7.7,3,3,1,1,9,5,53.49
8,4,10,2,1,8,1,61.63
7,10,2,2,1,7,10,65.41
6.5,1,3,1,1,9,1,42.86
8.4,7,6,4,1,5,10,65.07
7.2,2,9,1,1,7,5,55.18
8.3,5,9,6,1,7,1,67.03
6.6,1,7,7,1,6,5,52.29
7.9,3,3,4,10,9,5,61.01
8.1,2,4,10,1,9,1,59.44
6.2,1,6,4,10,8,5,57.76
7.3,7,5,4,1,6,5,55.51
6.5,5,2,10,1,10,5,58.7
6.3,1,6,2,1,6,1,45.19
10,6,3,9,1,9,5,73.71
7.3,5,8,1,1,7,1,59.95
9.2,3,2,3,1,6,5,52.51
7,7,1,1,1,8,1,48.08
8.7,10,9,6,1,6,10,73.77
9,9,3,5,10,8,5,80.59
8.4,9,1,6,10,10,5,72.91
7.9,9,7,3,1,6,5,61.83
7.6,2,10,3,1,8,1,56.48
7.4,3,5,1,1,6,1,45.61
9.7,7,5,2,1,10,10,71.89
9.3,5,1,9,1,6,10,66.78
9.9,2,9,3,10,5,1,71.51
6.5,3,7,7,1,8,5,56.85
8.9,10,8,7,1,10,5,80.55
9.8,6,9,3,1,8,5,72.14
6.7,7,6,5,10,8,1,62.98
6.3,9,5,1,1,4,1,47.31
9,1,6,1,1,10,1,56.27
8.3,7,2,1,10,6,10,66.27
9.4,8,4,5,1,8,5,69.82
6.6,3,3,3,10,9,5,53.38
9.2,4,7,4,1,4,10,65.4
6.8,10,9,4,10,5,5,75.76
6.7,6,5,3,1,8,10,58.37
6.7,10,6,6,1,8,5,65.14
9.3,7,10,7,10,4,1,79.08
8.7,4,2,1,1,6,10,53.79
8.1,8,3,2,1,9,5,59.96
7.4,5,3,6,1,5,1,53.9
9.5,1,9,3,1,8,5,66.58
7.6,4,7,6,1,6,1,57.81
9.3,3,8,2,1,10,5,62.65
7.8,9,10,3,1,9,10,75.21
7.5,8,9,1,1,10,10,73.73
7.9,1,6,2,1,9,10,56.61
7.2,6,4,5,1,5,1,53.54
9,9,1,3,10,7,5,69.45
8,7,8,7,10,9,1,77.56
6.9,4,7,8,10,7,10,68.66
9.6,1,2,4,1,10,5,61.64
7.5,2,8,7,1,9,5,60.58
8.2,5,5,2,1,5,5,57.28
9.6,5,7,3,1,4,5,64.51
8.5,8,4,6,1,5,5,68.21
6.5,6,5,3,1,5,10,55.62
9.8,8,8,5,1,4,10,78.37
8.5,2,1,1,10,4,1,51.92
7.3,3,1,5,1,6,5,48.86
6.6,6,4,8,1,9,10,62.92
9.2,10,3,8,1,10,1,73.16
8.5,3,10,6,1,6,5,66.86
8.1,6,2,6,10,4,1,60.92
9.6,6,3,5,1,7,5,66.52
9.2,2,1,5,1,10,1,59.01
6.6,7,1,1,1,7,5,52.57
7.2,2,6,3,1,5,1,48.63
7,6,5,4,1,8,5,60.02
9,1,8,10,10,5,10,76.58
6.1,3,2,3,10,5,10,51.54
8.3,2,4,4,10,8,10,70.22
9,7,8,4,1,9,5,71.25
9.5,4,6,5,10,4,1,68.88
7.4,8,1,6,1,7,1,60.01
9.3,6,4,2,1,5,10,66.66
6.4,10,1,4,1,8,5,57.13
9.4,4,2,7,1,6,1,62.28
6.5,5,5,4,1,5,5,51.35
7.6,9,8,2,10,7,1,70.02
9.2,7,8,6,1,4,1,65.77
6.6,10,3,7,1,5,10,64.25
6.9,9,4,1,1,5,10,59.36
8.9,7,10,7,10,9,5,83.46
8.9,1,6,7,10,8,10,72.84
8.6,8,10,4,10,6,5,84.2
8.8,4,3,10,1,6,5,66.39
8.2,3,2,7,1,10,1,56.2
7,7,6,7,1,4,1,60
7.4,3,5,6,1,10,5,57.61
6.7,8,10,1,1,7,10,58.81
9.6,6,5,2,1,4,5,62.66
8.3,5,10,4,1,5,1,66.13
7.6,4,5,2,10,5,1,60.69
7.8,8,10,3,1,6,10,70.75
9.8,8,5,8,1,7,1,72.42
6.6,1,3,7,1,8,5,50.77
8.3,9,7,5,10,7,1,75.06
8,5,6,8,10,5,1,67.17
8.4,4,4,7,10,8,5,72.02
6.1,6,2,3,10,7,5,55.25
9.5,6,9,2,1,7,5,72.35
9.7,2,1,4,1,8,1,55.12
8.3,8,4,6,1,5,10,70.92
8.8,7,1,3,1,7,1,54.92
9.7,1,6,6,1,8,5,62.89
8.8,5,4,1,1,9,10,62.99
6.6,6,5,6,10,9,1,60.93
8.3,4,5,7,10,5,10,65.06
8.4,2,9,6,10,8,1,65.95
7.7,4,1,10,10,9,5,66.92
8.9,1,2,7,1,8,5,57.27
9.7,7,6,9,1,7,10,78.97
9.7,2,5,9,1,5,1,62.71
7.8,2,7,7,1,9,5,62.5
6.5,9,3,6,10,10,10,71.2
9.9,5,3,1,1,7,5,63.43
9.4,2,10,4,10,10,5,78.29
6.5,9,2,5,1,10,1,57.55
9.7,9,3,2,1,4,5,66.27
9.5,1,10,2,1,4,1,58.42
8.1,3,1,10,1,5,1,51.36
8.4,4,5,8,1,9,5,67.71
7.6,7,5,7,1,9,5,64.39
6.2,10,7,3,10,9,10,74.99
7.3,4,4,1,1,8,10,55.45
9.2,2,3,1,1,7,5,54.53
6,7,1,2,1,9,10,48.75
7.3,6,8,1,1,7,5,62.18
7.6,3,3,1,10,5,1,52.27
8.1,6,2,9,1,10,5,67.37
9.7,6,4,6,10,9,1,75.87
7.4,5,3,2,1,5,5,50.46
7.4,4,1,1,10,9,10,60.19
9,10,3,4,1,4,5,65.95
7.8,1,2,1,1,6,10,47.37
6.9,10,8,9,1,5,1,67.39
7.8,6,6,3,1,9,5,63.55
6.6,2,9,3,1,6,1,51.5
6.7,3,8,3,1,5,5,52.29
8,8,10,1,1,8,5,69.54
7.7,10,3,5,1,9,5,65.85
9.7,6,5,6,1,8,1,73.55
7.4,3,7,6,10,4,1,63.97
8.3,7,5,1,1,9,1,62.52
8.5,4,8,5,1,10,5,64.02
6.1,9,5,5,1,4,10,59.91
8.7,5,1,8,10,6,1,65.33
6.7,3,5,3,1,5,5,46.64
9.8,2,4,3,1,7,10,62.08
6.6,2,6,5,10,4,5,54.36
7.7,3,3,5,10,7,5,62.41
6.3,2,5,4,1,7,10,54.23
10,4,2,3,1,5,1,59.35
8,2,6,4,10,6,1,66.23
8.4,10,6,8,1,5,1,66.99
6.3,9,5,4,1,9,10,62.49
9,2,6,9,1,4,10,63.11
6.8,9,7,4,10,7,5,73.06
9.6,6,5,9,1,5,1,68.26
6.8,1,1,7,10,5,5,52.78
6.8,4,8,3,1,5,1,53.37
6.1,1,4,8,1,4,1,41.09
7.9,6,9,1,1,6,5,60.46
8.3,4,10,9,1,10,10,77.99
6.3,3,6,5,10,5,10,58.8
9.1,3,1,1,10,4,5,54.17
7.8,9,3,5,1,7,1,59.8
8.1,6,3,10,1,9,1,64.73
7.8,9,10,1,1,10,5,71.33
7.6,5,4,5,1,8,5,58.86
8.2,2,6,6,1,10,10,63.57
6.6,8,7,7,1,10,5,68.98
6.7,5,10,3,1,4,5,56.34
9.4,2,4,2,10,8,1,64.32
9.8,4,6,1,10,5,1,65.78
7.5,9,1,5,1,5,5,61.02
7.1,4,8,4,10,10,1,65.72
8.6,4,7,9,1,4,5,65.25
7.6,2,9,1,1,8,10,61.07
6.1,6,3,6,1,5,5,51.86
6.6,2,2,1,1,7,1,41.61
8.9,7,1,1,1,6,1,51.65
8.6,3,3,4,1,6,5,57.16
6.1,3,5,4,10,5,5,54.51
6.9,5,2,6,10,8,5,63.08
6.9,3,3,9,1,9,5,57.37
8.7,2,4,5,10,5,5,61.98
6.1,10,7,10,1,9,5,71.89
6.4,9,3,8,1,9,5,63.4
9.2,2,9,5,1,8,10,66.82
6.7,2,8,7,1,9,5,61.32
8.6,8,4,5,1,7,1,61.64
7,9,1,1,1,8,5,56.8
6.4,7,1,6,1,5,5,54.57
7,3,1,1,10,10,10,55.49
8.9,9,1,5,1,7,5,65.35
9.4,3,8,6,1,4,10,67.07
9.3,5,3,1,1,6,10,60.76
7.6,9,6,2,1,5,5,65.06
8.7,3,3,9,1,5,5,58.01
6.8,7,5,5,10,5,5,63.59
7.2,1,7,2,1,7,10,56.51
9.6,4,2,6,1,4,5,59.45
6.1,4,6,5,1,10,1,52.03
6.3,7,6,4,1,8,5,58.73
6.8,8,3,10,1,4,1,59.71
6.1,1,6,6,1,7,5,48.61
6.7,5,10,3,10,5,1,63.91
8.3,7,10,7,1,6,5,69.25
7.7,4,5,8,1,5,10,58.96
9.6,4,2,1,1,8,1,56.22
9.3,4,9,2,1,9,1,67.48
7.4,6,8,2,1,6,1,59.02
7,7,3,6,10,5,5,61.24
7.5,2,8,5,1,10,5,62.35
8.4,5,9,5,1,6,1,64.53
7.1,4,3,9,1,9,1,55.54
8.5,3,3,7,1,4,5,53.73
7.6,7,2,1,1,7,1,53.06
8.2,6,8,2,1,5,5,64.28
7.7,7,10,3,1,8,1,65.67
7.2,5,1,3,1,4,5,45.93
9.8,6,8,6,10,5,1,73.56
9.1,5,7,8,1,4,5,70.66
6.6,7,7,2,1,8,1,58.68
9.5,2,3,5,1,5,5,58.5
7.9,5,1,7,1,9,10,65.06
9.6,6,4,3,1,9,10,70.45
9.2,6,9,1,1,8,5,67.84
7.7,5,5,4,1,6,5,58.71
6.1,10,1,1,1,8,10,53.74
7.1,7,5,9,1,6,5,61.21
8.2,10,8,1,1,5,1,66.24
8.5,8,8,3,10,6,10,79.31
7,7,5,4,1,5,5,54.25
6.6,5,9,10,1,5,1,58.53
9.3,1,1,1,1,10,1,51.31
9.9,5,4,1,1,7,1,59.78
8.1,10,3,1,1,5,5,61.25
6.7,2,2,1,1,6,1,40.6
7.1,5,8,2,10,7,1,65.33
6.1,5,7,5,1,7,1,54.23
9.7,2,9,2,1,5,5,61.61
6.5,5,2,1,1,8,5,44.42
8.3,4,4,7,1,8,5,62.66
7.1,1,6,3,1,9,1,46.98
8.2,3,3,3,10,7,1,58.09
8.6,1,8,2,1,5,10,56.86
9.3,5,3,10,10,10,5,77.78
6.8,4,2,1,10,8,5,52.47
6,7,3,8,10,10,1,63.15
6.5,5,6,7,1,5,5,58.29
9.6,10,2,1,1,5,5,67.39
9.5,4,8,10,1,7,1,74.96
8.4,2,1,2,1,10,1,51.12
8.4,4,7,1,1,9,5,61.84
8.7,2,2,7,10,7,10,69.52
6.7,8,10,6,1,4,10,63.66
9.7,3,6,5,1,10,5,70.41
7.7,9,2,1,1,8,5,61.6
7.5,4,2,4,1,8,1,49.92
8.1,6,10,7,1,8,5,74.47
6.2,10,8,2,10,6,5,72.02
6.7,5,2,2,1,5,1,46.56
9,10,7,1,10,7,10,81.59
6.3,1,3,1,10,8,1,45.56
8.4,9,8,8,10,4,5,81.34
7,1,7,3,1,8,5,50.15
7.6,8,8,10,10,9,5,82.24
7.2,9,7,3,1,5,5,62.94
7.4,9,6,6,1,10,1,61.01
8.9,1,7,2,1,5,10,59.11
7.2,2,5,3,1,10,5,59.34
8.3,1,7,1,1,10,5,53.22
7.9,10,1,2,1,7,10,62.49
8.7,2,1,4,1,6,5,48.41
9.7,10,9,10,10,10,1,91.31
8.9,8,5,6,1,10,5,69.04
6.9,5,5,1,1,7,1,50.72
6.1,7,3,1,1,8,1,50.39
7,2,5,1,1,9,5,51.12
8.4,8,3,5,10,4,10,69.34
6.2,6,9,7,1,7,1,58.68
8,8,9,9,1,6,5,73.64
8.4,1,6,1,1,7,1,49.8
7.3,1,1,4,10,5,5,48.74
9.1,7,7,4,1,8,5,70.12
6.4,8,7,6,10,8,5,68.61
6.3,3,10,5,1,10,1,58.82
8.9,5,10,6,1,8,5,75
8,1,4,6,1,8,10,63.3
8.8,7,8,1,10,8,5,75.48
7.7,5,6,7,1,8,5,65.09
7,8,4,1,1,4,10,54.4
9.3,8,4,6,1,6,1,66.23
9.2,9,2,3,1,10,5,71.57
8.8,7,2,4,1,8,10,65.35
7.1,1,4,9,10,10,1,62.35
8.4,3,5,8,1,6,5,63.85
7.4,8,8,7,1,9,1,67.96
6.4,3,6,4,10,8,5,62.8
9.7,8,4,6,1,10,5,76.05
6.5,1,7,4,1,7,5,51.11
9.8,5,8,8,1,10,5,76.3
7.8,4,2,3,1,8,1,52.92